,ip,time,method,url,status
0,127.0.0.1,24/Mar/2026:17:40:38 +0530,GET,/,200
1,127.0.0.1,24/Mar/2026:17:40:39 +0530,GET,/icons/openlogo-75.png,200
2,127.0.0.1,24/Mar/2026:17:40:39 +0530,GET,/favicon.ico,404
3,127.0.0.1,24/Mar/2026:17:46:08 +0530,GET,/,200
4,127.0.0.1,24/Mar/2026:17:46:09 +0530,GET,/favicon.ico,404
5,::1,24/Mar/2026:18:13:06 +0530,GET,/,200
6,::1,24/Mar/2026:18:16:29 +0530,GET,/,200
7,::1,24/Mar/2026:18:16:29 +0530,GET,/,200
8,::1,24/Mar/2026:18:16:29 +0530,GET,/,200
9,::1,24/Mar/2026:18:16:29 +0530,GET,/,200
10,::1,24/Mar/2026:18:16:29 +0530,GET,/,200
11,::1,24/Mar/2026:18:16:29 +0530,GET,/,200
12,::1,24/Mar/2026:18:16:29 +0530,GET,/,200
13,::1,24/Mar/2026:18:16:29 +0530,GET,/,200
14,::1,24/Mar/2026:18:16:29 +0530,GET,/,200
15,::1,24/Mar/2026:18:16:29 +0530,GET,/,200
16,::1,24/Mar/2026:18:16:29 +0530,GET,/,200
17,::1,24/Mar/2026:18:16:29 +0530,GET,/,200
18,::1,24/Mar/2026:18:16:29 +0530,GET,/,200
19,::1,24/Mar/2026:18:16:29 +0530,GET,/,200
20,::1,24/Mar/2026:18:16:29 +0530,GET,/,200
21,::1,24/Mar/2026:18:16:30 +0530,GET,/,200
22,::1,24/Mar/2026:18:16:30 +0530,GET,/,200
23,::1,24/Mar/2026:18:16:30 +0530,GET,/,200
24,::1,24/Mar/2026:18:16:30 +0530,GET,/,200
25,::1,24/Mar/2026:18:16:30 +0530,GET,/,200
26,::1,24/Mar/2026:18:16:30 +0530,GET,/,200
27,::1,24/Mar/2026:18:16:30 +0530,GET,/,200
28,::1,24/Mar/2026:18:16:30 +0530,GET,/,200
29,::1,24/Mar/2026:18:16:30 +0530,GET,/,200
30,::1,24/Mar/2026:18:16:30 +0530,GET,/,200
31,::1,24/Mar/2026:18:16:30 +0530,GET,/,200
32,::1,24/Mar/2026:18:16:30 +0530,GET,/,200
33,::1,24/Mar/2026:18:16:30 +0530,GET,/,200
34,::1,24/Mar/2026:18:16:30 +0530,GET,/,200
35,::1,24/Mar/2026:18:16:30 +0530,GET,/,200
36,::1,24/Mar/2026:18:16:30 +0530,GET,/,200
37,::1,24/Mar/2026:18:16:30 +0530,GET,/,200
38,::1,24/Mar/2026:18:16:30 +0530,GET,/,200
39,::1,24/Mar/2026:18:16:30 +0530,GET,/,200
40,::1,24/Mar/2026:18:16:30 +0530,GET,/,200
41,::1,24/Mar/2026:18:16:30 +0530,GET,/,200
42,::1,24/Mar/2026:18:16:30 +0530,GET,/,200
43,::1,24/Mar/2026:18:16:30 +0530,GET,/,200
44,::1,24/Mar/2026:18:16:30 +0530,GET,/,200
45,::1,24/Mar/2026:18:16:30 +0530,GET,/,200
46,::1,24/Mar/2026:18:16:30 +0530,GET,/,200
47,::1,24/Mar/2026:18:16:30 +0530,GET,/,200
48,::1,24/Mar/2026:18:16:30 +0530,GET,/,200
49,::1,24/Mar/2026:18:16:30 +0530,GET,/,200
50,::1,24/Mar/2026:18:16:30 +0530,GET,/,200
51,::1,24/Mar/2026:18:16:30 +0530,GET,/,200
52,::1,24/Mar/2026:18:16:30 +0530,GET,/,200
53,::1,24/Mar/2026:18:16:30 +0530,GET,/,200
54,::1,24/Mar/2026:18:16:30 +0530,GET,/,200
55,::1,24/Mar/2026:18:16:30 +0530,GET,/,200
